Image,Overall Prediction,Average Prediction
image-17.jpg,[1.8728383],2.7211003
image-15.jpg,[7.092249],3.2289135
image-18.jpg,[2.203764],2.138689
image-20.jpg,[0.80485225],0.7327199
image-25.jpg,[4.693154],2.0787358
image-30.jpg,[8.2010565],2.891515
image-18.jpg,[2.203764],2.138689
image-29.jpg,[1.5388243],2.366975
image-24.jpg,[2.4797277],2.466436
image-31.jpg,[5.668601],1.4487798
image-34.jpg,[2.823851],1.6557806
image-27.jpg,[7.340148],2.457538