Image,Overall Prediction,Average Prediction
image-17.jpg,[1.8337606],2.8451295
image-15.jpg,[6.7176857],3.9664333
image-19.jpg,[3.4579818],3.0306623
image-20.jpg,[1.0055177],0.7622032
image-25.jpg,[4.650696],2.2273865
image-30.jpg,[8.310672],4.10945
image-18.jpg,[1.554736],2.0013015
image-29.jpg,[2.0615401],2.4158225
image-26.jpg,[2.5301812],2.3515089
image-28.jpg,[4.401819],3.829642
image-23.jpg,[8.003194],2.0601122
image-21.jpg,[1.0969232],3.2627184
