Image,Overall Prediction,Average Prediction
image-17.jpg,[1.8337606],2.8451295
image-15.jpg,[6.7176857],3.9664333
image-18.jpg,[1.554736],2.0013015
image-20.jpg,[1.0055177],0.7622032
image-25.jpg,[4.650696],2.2273865
image-30.jpg,[8.310672],4.10945
image-18.jpg,[1.554736],2.0013015
image-29.jpg,[2.0615401],2.4158225
image-24.jpg,[2.4203458],2.3101315
image-31.jpg,[5.6403346],1.9587953
image-34.jpg,[2.7791634],1.9510119
image-27.jpg,[7.111615],2.5641043
