Image,Overall Prediction,Average Prediction
image-17.jpg,[1.8337612],2.8451295
image-15.jpg,[6.7176847],3.9664328
image-19.jpg,[3.4579837],3.0306623
image-20.jpg,[1.0055175],0.7622032
image-25.jpg,[4.650695],2.2273865
image-30.jpg,[8.310672],4.1094494
image-18.jpg,[1.5547361],2.0013015
image-29.jpg,[2.0615406],2.4158225
