Image,Overall Prediction,Average Prediction
image-17.jpg,[1.9709257],3.2271051
image-15.jpg,[5.8122935],7.1710734
image-18.jpg,[1.6304154],1.8735965
image-20.jpg,[0.9168408],0.861538
image-25.jpg,[4.3711557],2.7347918
image-30.jpg,[8.23256],7.815766
image-18.jpg,[1.6304154],1.8735965
image-29.jpg,[2.0836394],2.5849545
image-24.jpg,[2.4091322],1.9715873
image-31.jpg,[5.4908504],3.504597
image-34.jpg,[2.6259089],2.6924067
image-27.jpg,[7.28471],3.44008